Tipo;FZ;NB;HZ;PZ;FR;HR;SALIDA;PR;MN;L;TRN;TR;D;M;MM;Y;Latgrado_ini;Latmin_ini;LTPI;Longrado_ini;Lonmin_ini;LGPI;EOL;DE;DIL;HIL;Latgrado_fin;Longrado_fin;LTPF;Longrado_fin_1;Lonmin_fin;LGPF;field_34;field_35;Y_coord;X_coord;DTL;HTL;PF;TDF;TEDF;DL;DLT;VA;DV;FNV;ZP;REG;LCC;LCK;CPUELC;LAC;LAK;CPUELA;LCAC;LCAK;FECHA_H;RENDIM_COL;RENDIM_AM;RENDIM_CA;EOL_2;EOL_3;EOL_4;EOL_5;CALADERO
COMERCIAL;45462;LONQUIMAY;0.833333333;SAN ANTONIO;45463;"14:;15";;SAN ANTONIO;S/M;3;4;ARRASTRE;20;6;Jun;2024;33;26;33.43333333;71;51;71.85;LCOL;SI;45463;0.197916667;33;26;33.43333333;71;51;71.85;-33.43333333;-71.85;-33.43333333;-71.85;45463;0.291666667;188;;;135;2.25;2;;;111;V;200;3200;;5;80;;0;0;45463.29167;1422.222222;35.55555556;0;LCOL/LAM;LCOL;LAM;LAN;ALGARROBO
COMERCIAL;45462;LONQUIMAY;0.833333333;SAN ANTONIO;45463;"14:;15";;SAN ANTONIO;S/M;4;4;ARRASTRE;20;6;Jun;2024;33;23;33.38333333;71;51;71.85;LCOL;SI;45463;0.327083333;33;26;33.43333333;71;51;71.85;-33.43333333;-71.85;-33.43333333;-71.85;45463;0.416666667;184;;;129;2.15;2;;;111;V;300;4800;;6;96;;0;0;45463.41667;2232.55814;44.65116279;0;LCOL/LAM;LCOL;LAM;LAN;ALGARROBO
COMERCIAL;45466;LONQUIMAY;0.291666667;SAN ANTONIO;45467;0.8125;;SAN ANTONIO;10;1;4;ARRASTRE;23;6;Jun;2024;33;26;33.43333333;71;51;71.85;LCOL;SI;45466;0.38125;33;23;33.38333333;71;51;71.85;-33.38333333;-71.85;-33.38333333;-71.85;45466;0.465277778;182;;;121;2.016666667;2;;;111;V;365;5840;;5;80;;0;0;45466.46528;2895.867769;39.66942149;0;LCOL/LAM;LCOL;LAM;LAN;ALGARROBO
COMERCIAL;45467;TIRANA II;0.559027778;SAN ANTONIO;45468;0.645833333;;SAN ANTONIO;12;2;4;ARRASTRE;24;6;Jun;2024;33;22;33.36666667;71;51;71.85;LCOL;SI;45467;0.867361111;33;25;33.41666667;71;51;71.85;-33.41666667;-71.85;-33.41666667;-71.85;45467;0.951388889;178;;;111;1.85;2;SW;10;111;V;220;3520;;2;32;;0;0;45467.95139;1902.702703;17.2972973;0;LCOL/LAM;LCOL;LAM;LAN;ALGARROBO
COMERCIAL;45468;LONQUIMAY;0.257638889;SAN ANTONIO;45469;0.454166667;;SAN ANTONIO;14;1;4;ARRASTRE;25;6;Jun;2024;33;26;33.43333333;71;51;71.85;LCOL;SI;45468;0.342361111;33;22;33.36666667;71;51;71.85;-33.36666667;-71.85;-33.36666667;-71.85;45468;0.427083333;186;;;122;2.033333333;2;;;111;V;222;3552;;5;80;;0;0;45468.42708;1746.885246;39.3442623;0;LCOL/LAM;LCOL;LAM;LAN;ALGARROBO
COMERCIAL;45468;LONQUIMAY;0.257638889;SAN ANTONIO;45469;0.454166667;;SAN ANTONIO;14;2;4;ARRASTRE;25;6;Jun;2024;33;22;33.36666667;71;51;71.85;LCOL;SI;45468;0.473611111;33;25;33.41666667;71;51;71.85;-33.41666667;-71.85;-33.41666667;-71.85;45468;0.556944444;182;;;120;2;2;;;111;V;128;2048;;2;32;;0;0;45468.55694;1024;16;0;LCOL/LAM;LCOL;LAM;LAN;ALGARROBO
COMERCIAL;45468;LONQUIMAY;0.257638889;SAN ANTONIO;45469;0.454166667;;SAN ANTONIO;14;3;4;ARRASTRE;25;6;Jun;2024;33;25;33.41666667;71;51;71.85;LCOL;SI;45468;0.589583333;33;20;33.33333333;71;51;71.85;-33.33333333;-71.85;-33.33333333;-71.85;45468;0.694444444;180;FANGO;11.8;151;2.516666667;2;;;111;V;270;4320;;3;48;;0;0;45468.69444;1716.556291;19.07284768;0;LCOL/LAM;LCOL;LAM;LAN;ALGARROBO
COMERCIAL;45468;LONQUIMAY;0.257638889;SAN ANTONIO;45469;0.454166667;;SAN ANTONIO;14;4;4;ARRASTRE;25;6;Jun;2024;33;25;33.41666667;71;51;71.85;LCOL;SI;45468;0.775694444;33;25;33.41666667;71;51;71.85;-33.41666667;-71.85;-33.41666667;-71.85;45468;0.892361111;180;;;168;2.8;2;;;111;V;167;2672;;2;32;;0;0;45468.89236;954.2857143;11.42857143;0;LCOL/LAM;LCOL;LAM;LAN;ALGARROBO
COMERCIAL;45468;LONQUIMAY;0.257638889;SAN ANTONIO;45469;0.454166667;;SAN ANTONIO;14;5;4;ARRASTRE;25;6;Jun;2024;33;23;33.38333333;71;51;71.85;LCOL;SI;45468;0.963888889;33;16;33.26666667;71;51;71.85;-33.26666667;-71.85;-33.26666667;-71.85;45469;0.090972222;182;;;183;3.05;2;;;111;V;270;4320;;5;80;;0;0;45469.09097;1416.393443;26.2295082;0;LCOL/LAM;LCOL;LAM;LAN;ALGARROBO
COMERCIAL;45468;LONQUIMAY;0.257638889;SAN ANTONIO;45469;0.454166667;;SAN ANTONIO;14;6;4;ARRASTRE;26;6;Jun;2024;33;23;33.38333333;71;51;71.85;LCOL;SI;45469;0.180555556;33;19;33.31666667;71;51;71.85;-33.31666667;-71.85;-33.31666667;-71.85;45469;0.264583333;178;;;121;2.016666667;2;;;111;V;173;2768;;3;48;;0;0;45469.26458;1372.561983;23.80165289;0;LCOL/LAM;LCOL;LAM;LAN;ALGARROBO
COMERCIAL;45461;TIRANA II;0.475694444;TOMÉ;45463;0.375;;SAN ANTONIO;6;1;4;ARRASTRE;19;6;Jun;2024;33;48;33.8;72;5;72.08333333;LCOL;SI;45462;0.421527778;33;47;33.78333333;72;4;72.06666667;-33.78333333;-72.06666667;-33.78333333;-72.06666667;45462;0.447222222;171;;;37;0.616666667;2;NE;8;111;V;0;0;;78;1248;;0;0;45462.44722;0;2023.783784;0;LAM;LAN;LAM;LAN;PTA. TORO
COMERCIAL;45461;TIRANA II;0.475694444;TOMÉ;45463;0.375;;SAN ANTONIO;6;4;4;ARRASTRE;19;6;Jun;2024;33;48;33.8;72;3;72.05;LCOL;SI;45462;0.605555556;33;46;33.76666667;72;4;72.06666667;-33.76666667;-72.06666667;-33.76666667;-72.06666667;45462;0.644444444;176;;;56;0.933333333;2;NW;5;111;V;70;1120;;19;304;;0;0;45462.64444;1200;325.7142857;0;LCOL/LAM;LCOL;LAM;LAN;PTA. TORO
COMERCIAL;45446;ALTAIR I;0.594444444;TOMÉ;45447;0.222222222;;TOMÉ;S/M;2;4;ARRASTRE;3;6;Jun;2024;36;6;36.1;73;25;73.41666667;LCOL;SI;45446;0.859722222;36;4;36.06666667;73;24;73.4;-36.06666667;-73.4;-36.06666667;-73.4;45446;0.903472222;157;;;63;1.05;2;NE;3;114;VIII;150;2400;;16.25;260;;0;0;45446.90347;2285.714286;247.6190476;0;LCOL/LAM;LCOL;LAM;LAN;NUGURUE
COMERCIAL;45449;LONQUIMAY;0.848611111;TOMÉ;45450;0.930555556;;TOMÉ;S/M;1;4;ARRASTRE;7;6;Jun;2024;36;6;36.1;73;25;73.41666667;LCOL;SI;45450;0.077083333;36;3;36.05;73;23;73.38333333;-36.05;-73.38333333;-36.05;-73.38333333;45450;0.163888889;165;;;125;2.083333333;2;;;114;VIII;200;3200;;6;96;;0;0;45450.16389;1536;46.08;0;LCOL/LAM;LCOL;LAM;LAN;NUGURUE
COMERCIAL;45449;LONQUIMAY;0.848611111;TOMÉ;45450;0.930555556;;TOMÉ;S/M;3;4;ARRASTRE;7;6;Jun;2024;36;7;36.11666667;73;25;73.41666667;LCOL;SI;45450;0.325694444;36;3;36.05;73;23;73.38333333;-36.05;-73.38333333;-36.05;-73.38333333;45450;0.444444444;161;;;171;2.85;2;;;114;VIII;400;6400;;30;480;;0;0;45450.44444;2245.614035;168.4210526;0;LCOL/LAM;LCOL;LAM;LAN;NUGURUE
COMERCIAL;45449;LONQUIMAY;0.848611111;TOMÉ;45450;0.930555556;;TOMÉ;S/M;5;4;ARRASTRE;7;6;Jun;2024;36;3;36.05;73;23;73.38333333;LCOL;SI;45450;0.664583333;36;5;36.08333333;73;24;73.4;-36.08333333;-73.4;-36.08333333;-73.4;45450;0.697916667;165;;;48;0.8;2;;;114;VIII;95;1520;;5;80;;0;0;45450.69792;1900;100;0;LCOL/LAM;LCOL;LAM;LAN;NUGURUE
COMERCIAL;45449;ANTARES;0.621527778;TOMÉ;45450;0.854166667;;TOMÉ;S/M;6;4;ARRASTRE;7;6;Jun;2024;36;7;36.11666667;73;25;73.41666667;LCOL;SI;45450;0.4125;36;3;36.05;73;23;73.38333333;-36.05;-73.38333333;-36.05;-73.38333333;45450;0.509722222;164;;;130;2.166666667;2;CALMA;;114;VIII;300;4800;;22;352;;0;0;45450.50972;2215.384615;162.4615385;0;LCOL/LAM;LCOL;LAM;LAN;NUGURUE
COMERCIAL;45450;ALTAIR I;0.09375;TOMÉ;45451;0.027777778;;TOMÉ;S/M;1;4;ARRASTRE;7;6;Jun;2024;36;7;36.11666667;73;26;73.43333333;LCOL;SI;45450;0.272916667;36;5;36.08333333;73;24;73.4;-36.08333333;-73.4;-36.08333333;-73.4;45450;0.353472222;163;;;94;1.566666667;2.1;;;114;VIII;333.125;5330;;28.75;460;;0;0;45450.35347;3402.12766;293.6170213;0;LCOL/LAM;LCOL;LAM;LAN;NUGURUE
COMERCIAL;45450;ALTAIR I;0.09375;TOMÉ;45451;0.027777778;;TOMÉ;S/M;4;4;ARRASTRE;7;6;Jun;2024;36;7;36.11666667;73;26;73.43333333;LCOL;SI;45450;0.604166667;36;2;36.03333333;73;26;73.43333333;-36.03333333;-73.43333333;-36.03333333;-73.43333333;45450;0.685416667;163;;;117;1.95;2.1;;;114;VIII;350;5600;;35;560;;0;0;45450.68542;2871.794872;287.1794872;0;LCOL/LAM;LCOL;LAM;LAN;NUGURUE
COMERCIAL;45450;MAORI;0.083333333;TOMÉ;45451;0.142361111;;TOMÉ;S/M;1;4;ARRASTRE;7;6;Jun;2024;36;7;36.11666667;73;25;73.41666667;LCOL;SI;45450;0.277777778;36;4;36.06666667;73;24;73.4;-36.06666667;-73.4;-36.06666667;-73.4;45450;0.357638889;164;FANGO;10.8;115;1.916666667;2;N;3;114;VIII;247.5;3960;;17.5;280;;0;0;45450.35764;2066.086957;146.0869565;0;LCOL/LAM;LCOL;LAM;LAN;NUGURUE
COMERCIAL;45450;MAORI;0.083333333;TOMÉ;45451;0.142361111;;TOMÉ;S/M;3;4;ARRASTRE;7;6;Jun;2024;36;7;36.11666667;73;26;73.43333333;LCOL;SI;45450;0.488194444;36;4;36.06666667;73;24;73.4;-36.06666667;-73.4;-36.06666667;-73.4;45450;0.572916667;162;;;122;2.033333333;2;W;2;114;VIII;270;4320;;16.875;270;;0;0;45450.57292;2124.590164;132.7868852;0;LCOL/LAM;LCOL;LAM;LAN;NUGURUE
COMERCIAL;45450;MAORI;0.083333333;TOMÉ;45451;0.142361111;;TOMÉ;S/M;5;4;ARRASTRE;7;6;Jun;2024;36;7;36.11666667;73;27;73.45;LCOL;SI;45450;0.717361111;36;4;36.06666667;73;24;73.4;-36.06666667;-73.4;-36.06666667;-73.4;45450;0.802083333;162;;;122;2.033333333;2;W;3;114;VIII;157.5;2520;;20;320;;0;0;45450.80208;1239.344262;157.3770492;0;LCOL/LAM;LCOL;LAM;LAN;NUGURUE
COMERCIAL;45458;ANTARES;0.435416667;TOMÉ;45459;0.826388889;;TOMÉ;3;4;4;ARRASTRE;16;6;Jun;2024;36;8;36.13333333;73;27;73.45;LCOL;SI;45459;0.076388889;36;4;36.06666667;73;23;73.38333333;-36.06666667;-73.38333333;-36.06666667;-73.38333333;45459;0.203472222;159;;;183;3.05;2;CALMA;;114;VIII;127;2032;;5;80;;0;0;45459.20347;666.2295082;26.2295082;0;LCOL/LAM;LCOL;LAM;LAN;NUGURUE
COMERCIAL;45458;ANTARES;0.435416667;TOMÉ;45459;0.826388889;;TOMÉ;3;6;4;ARRASTRE;16;6;Jun;2024;36;8;36.13333333;73;26;73.43333333;LCOL;SI;45459;0.372916667;36;4;36.06666667;73;24;73.4;-36.06666667;-73.4;-36.06666667;-73.4;45459;0.477083333;160;;;150;2.5;2;CALMA;;114;VIII;247;3952;;5;80;;0;0;45459.47708;1580.8;32;0;LCOL/LAM;LCOL;LAM;LAN;NUGURUE
COMERCIAL;45458;LONQUIMAY;0.461805556;TOMÉ;45459;0.833333333;;TOMÉ;4;1;4;ARRASTRE;15;6;Jun;2024;36;7;36.11666667;73;25;73.41666667;LCOL;SI;45458;0.678472222;36;5;36.08333333;73;25;73.41666667;-36.08333333;-73.41666667;-36.08333333;-73.41666667;45458;0.720833333;161;;;61;1.016666667;2;;;114;VIII;100;1600;;27;432;;0;0;45458.72083;1573.770492;424.9180328;0;LCOL/LAM;LCOL;LAM;LAN;NUGURUE
COMERCIAL;45458;LONQUIMAY;0.461805556;TOMÉ;45459;0.833333333;;TOMÉ;4;2;4;ARRASTRE;15;6;Jun;2024;36;5;36.08333333;73;25;73.41666667;LCOL;SI;45458;0.746527778;36;3;36.05;73;23;73.38333333;-36.05;-73.38333333;-36.05;-73.38333333;45458;0.825;160;FANGO;11.1;113;1.883333333;2;;;114;VIII;160;2560;;30;480;;0;0;45458.825;1359.292035;254.8672566;0;LCOL/LAM;LCOL;LAM;LAN;NUGURUE
COMERCIAL;45458;LONQUIMAY;0.461805556;TOMÉ;45459;0.833333333;;TOMÉ;4;3;4;ARRASTRE;15;6;Jun;2024;36;3;36.05;73;23;73.38333333;LCOL;SI;45458;0.851388889;36;3;36.05;73;23;73.38333333;-36.05;-73.38333333;-36.05;-73.38333333;45458;0.955555556;163;;;163;2.716666667;2;;;114;VIII;111;1776;;15;240;;0;0;45458.95556;653.7423313;88.34355828;0;LCOL/LAM;LCOL;LAM;LAN;NUGURUE
COMERCIAL;45458;LONQUIMAY;0.461805556;TOMÉ;45459;0.833333333;;TOMÉ;4;4;4;ARRASTRE;15;6;Jun;2024;36;7;36.11666667;73;26;73.43333333;LCOL;SI;45458;0.982638889;36;3;36.05;73;23;73.38333333;-36.05;-73.38333333;-36.05;-73.38333333;45459;0.123611111;161;;;203;3.383333333;2;;;114;VIII;175;2800;;10;160;;0;0;45459.12361;827.5862069;47.29064039;0;LCOL/LAM;LCOL;LAM;LAN;NUGURUE
COMERCIAL;45458;LONQUIMAY;0.461805556;TOMÉ;45459;0.833333333;;TOMÉ;4;5;4;ARRASTRE;16;6;Jun;2024;36;7;36.11666667;73;26;73.43333333;LCOL;SI;45459;0.165277778;36;4;36.06666667;73;23;73.38333333;-36.06666667;-73.38333333;-36.06666667;-73.38333333;45459;0.259722222;161;;;136;2.266666667;2;;;114;VIII;145;2320;;9;144;;0;0;45459.25972;1023.529412;63.52941176;0;LCOL/LAM;LCOL;LAM;LAN;NUGURUE
COMERCIAL;45458;LONQUIMAY;0.461805556;TOMÉ;45459;0.833333333;;TOMÉ;4;7;4;ARRASTRE;16;6;Jun;2024;36;7;36.11666667;73;26;73.43333333;LCOL;SI;45459;0.432638889;36;4;36.06666667;73;24;73.4;-36.06666667;-73.4;-36.06666667;-73.4;45459;0.536805556;161;;;150;2.5;2;;;114;VIII;220;3520;;7;112;;0;0;45459.53681;1408;44.8;0;LCOL/LAM;LCOL;LAM;LAN;NUGURUE
COMERCIAL;45458;ALTAIR I;0.855555556;TOMÉ;45459;0.958333333;;TOMÉ;5;1;4;ARRASTRE;16;6;Jun;2024;36;8;36.13333333;73;26;73.43333333;LCOL;SI;45459;0.047222222;36;3;36.05;73;23;73.38333333;-36.05;-73.38333333;-36.05;-73.38333333;45459;0.158333333;158;;;160;2.666666667;2;;;114;VIII;201.875;3230;;8.75;140;;0;0;45459.15833;1211.25;52.5;0;LCOL/LAM;LCOL;LAM;LAN;NUGURUE
COMERCIAL;45458;ALTAIR I;0.855555556;TOMÉ;45459;0.958333333;;TOMÉ;5;3;4;ARRASTRE;16;6;Jun;2024;36;8;36.13333333;73;26;73.43333333;LCOL;SI;45459;0.318055556;36;4;36.06666667;73;23;73.38333333;-36.06666667;-73.38333333;-36.06666667;-73.38333333;45459;0.417361111;158;;;122;2.033333333;2;;;114;VIII;320;5120;;20;320;;0;0;45459.41736;2518.032787;157.3770492;0;LCOL/LAM;LCOL;LAM;LAN;NUGURUE
COMERCIAL;45458;ALTAIR I;0.855555556;TOMÉ;45459;0.958333333;;TOMÉ;5;5;4;ARRASTRE;16;6;Jun;2024;36;7;36.11666667;73;26;73.43333333;LCOL;SI;45459;0.595138889;36;4;36.06666667;73;22;73.36666667;-36.06666667;-73.36666667;-36.06666667;-73.36666667;45459;0.697222222;160;;;147;2.45;2;;;114;VIII;271.875;4350;;18.125;290;;0;0;45459.69722;1775.510204;118.3673469;0;LCOL/LAM;LCOL;LAM;LAN;NUGURUE
COMERCIAL;45458;ALTAIR I;0.855555556;TOMÉ;45459;0.958333333;;TOMÉ;5;6;4;ARRASTRE;16;6;Jun;2024;36;4;36.06666667;73;22;73.36666667;LCOL;SI;45459;0.734722222;36;5;36.08333333;73;23;73.38333333;-36.08333333;-73.38333333;-36.08333333;-73.38333333;45459;0.7625;153;;;39;0.65;2;;;114;VIII;61.875;990;;4;64;;0;0;45459.7625;1523.076923;98.46153846;0;LCOL/LAM;LCOL;LAM;LAN;NUGURUE
COMERCIAL;45458;TIRANA II;0.859027778;TOMÉ;45460;0.145833333;;TOMÉ;S/M;1;4;ARRASTRE;16;6;Jun;2024;36;7;36.11666667;73;26;73.43333333;LCOL;SI;45459;0.068055556;36;3;36.05;73;22;73.36666667;-36.05;-73.36666667;-36.05;-73.36666667;45459;0.179166667;161;;;160;2.666666667;2;CALMA;;114;VIII;137;2192;;15;240;;0;0;45459.17917;822;90;0;LCOL/LAM;LCOL;LAM;LAN;NUGURUE
COMERCIAL;45458;TIRANA II;0.859027778;TOMÉ;45460;0.145833333;;TOMÉ;S/M;3;4;ARRASTRE;16;6;Jun;2024;36;8;36.13333333;73;27;73.45;LCOL;SI;45459;0.350694444;36;4;36.06666667;73;23;73.38333333;-36.06666667;-73.38333333;-36.06666667;-73.38333333;45459;0.46875;157;;;170;2.833333333;2;CALMA;;114;VIII;250;4000;;6;96;;0;0;45459.46875;1411.764706;33.88235294;0;LCOL/LAM;LCOL;LAM;LAN;NUGURUE
COMERCIAL;45458;TIRANA II;0.859027778;TOMÉ;45460;0.145833333;;TOMÉ;S/M;5;4;ARRASTRE;16;6;Jun;2024;36;8;36.13333333;73;27;73.45;LCOL;SI;45459;0.64375;36;3;36.05;73;22;73.36666667;-36.05;-73.36666667;-36.05;-73.36666667;45459;0.727083333;154;;;180;3;2;N;8;114;VIII;264;4224;;10;160;;0;0;45459.72708;1408;53.33333333;0;LCOL/LAM;LCOL;LAM;LAN;NUGURUE
COMERCIAL;45466;MAORI;0.354166667;TOMÉ;45467;0.958333333;;TOMÉ;9;2;4;ARRASTRE;23;6;Jun;2024;36;7;36.11666667;73;25;73.41666667;LCOL;SI;45466;0.708333333;36;3;36.05;73;23;73.38333333;-36.05;-73.38333333;-36.05;-73.38333333;45466;0.8125;160;;;150;2.5;2;CALMA;;114;VIII;150.625;2410;;11.25;180;;0;0;45466.8125;964;72;0;LCOL/LAM;LCOL;LAM;LAN;NUGURUE
COMERCIAL;45466;MAORI;0.354166667;TOMÉ;45467;0.958333333;;TOMÉ;9;4;4;ARRASTRE;23;6;Jun;2024;36;7;36.11666667;73;26;73.43333333;LCOL;SI;45466;0.98125;36;3;36.05;73;22;73.36666667;-36.05;-73.36666667;-36.05;-73.36666667;45467;0.093055556;158;;;161;2.683333333;2;CALMA;;114;VIII;140.625;2250;;11.25;180;;0;0;45467.09306;838.5093168;67.08074534;0;LCOL/LAM;LCOL;LAM;LAN;NUGURUE
COMERCIAL;45466;MAORI;0.354166667;TOMÉ;45467;0.958333333;;TOMÉ;9;6;4;ARRASTRE;24;6;Jun;2024;36;7;36.11666667;73;26;73.43333333;LCOL;SI;45467;0.275694444;36;3;36.05;73;22;73.36666667;-36.05;-73.36666667;-36.05;-73.36666667;45467;0.388888889;155;;;143;2.383333333;2;CALMA;;114;VIII;213.75;3420;;13.125;210;;0;0;45467.38889;1434.965035;88.11188811;0;LCOL/LAM;LCOL;LAM;LAN;NUGURUE
COMERCIAL;45466;MAORI;0.354166667;TOMÉ;45467;0.958333333;;TOMÉ;9;8;4;ARRASTRE;24;6;Jun;2024;36;7;36.11666667;73;25;73.41666667;LCOL;SI;45467;0.559027778;36;2;36.03333333;73;22;73.36666667;-36.03333333;-73.36666667;-36.03333333;-73.36666667;45467;0.666666667;154;;;155;2.583333333;2;SW;3;114;VIII;184.375;2950;;11.25;180;;0;0;45467.66667;1141.935484;69.67741935;0;LCOL/LAM;LCOL;LAM;LAN;NUGURUE
COMERCIAL;45466;MAORI;0.354166667;TOMÉ;45467;0.958333333;;TOMÉ;9;9;4;ARRASTRE;24;6;Jun;2024;36;3;36.05;73;22;73.36666667;LCOL;SI;45467;0.69375;36;5;36.08333333;73;24;73.4;-36.08333333;-73.4;-36.08333333;-73.4;45467;0.75;157;;;81;1.35;2;SW;3;114;VIII;61.875;990;;5.625;90;;0;0;45467.75;733.3333333;66.66666667;0;LCOL/LAM;LCOL;LAM;LAN;NUGURUE
COMERCIAL;45446;ALTAIR I;0.594444444;TOMÉ;45447;0.222222222;;TOMÉ;S/M;1;4;ARRASTRE;3;6;Jun;2024;36;7;36.11666667;73;26;73.43333333;LCOL;SI;45446;0.786111111;36;6;36.1;73;25;73.41666667;-36.1;-73.41666667;-36.1;-73.41666667;45446;0.834722222;158;;;70;1.166666667;2;NE;3;114;VIII;213.75;3420;;22.5;360;;0;0;45446.83472;2931.428571;308.5714286;0;LCOL/LAM;LCOL;LAM;LAN;ACHIRA
COMERCIAL;45446;ALTAIR I;0.594444444;TOMÉ;45447;0.222222222;;TOMÉ;S/M;3;4;ARRASTRE;3;6;Jun;2024;36;3;36.05;73;23;73.38333333;LCOL;SI;45446;0.938888889;36;7;36.11666667;73;25;73.41666667;-36.11666667;-73.41666667;-36.11666667;-73.41666667;45447;0.019444444;158;ARENA-FANGO;10.5;115;1.916666667;2;NE;3;114;VIII;230;3680;;18.75;300;;0;0;45447.01944;1920;156.5217391;0;LCOL/LAM;LCOL;LAM;LAN;ACHIRA
COMERCIAL;45449;LONQUIMAY;0.848611111;TOMÉ;45450;0.930555556;;TOMÉ;S/M;2;4;ARRASTRE;7;6;Jun;2024;36;3;36.05;73;23;73.38333333;LCOL;SI;45450;0.202777778;36;6;36.1;73;25;73.41666667;-36.1;-73.41666667;-36.1;-73.41666667;45450;0.291666667;162;FANGO;10.9;162;2.7;2;;;114;VIII;190;3040;;20;320;;0;0;45450.29167;1125.925926;118.5185185;0;LCOL/LAM;LCOL;LAM;LAN;ACHIRA
COMERCIAL;45449;LONQUIMAY;0.848611111;TOMÉ;45450;0.930555556;;TOMÉ;S/M;4;4;ARRASTRE;7;6;Jun;2024;36;3;36.05;73;23;73.38333333;LCOL;SI;45450;0.494444444;36;7;36.11666667;73;25;73.41666667;-36.11666667;-73.41666667;-36.11666667;-73.41666667;45450;0.597916667;163;;;129;2.15;2;;;114;VIII;350;5600;;13;208;;0;0;45450.59792;2604.651163;96.74418605;0;LCOL/LAM;LCOL;LAM;LAN;ACHIRA
COMERCIAL;45449;ANTARES;0.621527778;TOMÉ;45450;0.854166667;;TOMÉ;S/M;7;4;ARRASTRE;7;6;Jun;2024;36;3;36.05;73;23;73.38333333;LCOL;SI;45450;0.572916667;36;6;36.1;73;25;73.41666667;-36.1;-73.41666667;-36.1;-73.41666667;45450;0.645833333;164;FANGO-DURO;;105;1.75;2;CALMA;;114;VIII;192;3072;;20;320;;0;0;45450.64583;1755.428571;182.8571429;0;LCOL/LAM;LCOL;LAM;LAN;ACHIRA
COMERCIAL;45450;ALTAIR I;0.09375;TOMÉ;45451;0.027777778;;TOMÉ;S/M;2;4;ARRASTRE;7;6;Jun;2024;36;5;36.08333333;73;26;73.43333333;LCOL;SI;45450;0.3875;36;8;36.13333333;73;27;73.45;-36.13333333;-73.45;-36.13333333;-73.45;45450;0.455555556;164;;;98;1.633333333;2.1;;;114;VIII;256.25;4100;;23.125;370;;0;0;45450.45556;2510.204082;226.5306122;0;LCOL/LAM;LCOL;LAM;LAN;ACHIRA
COMERCIAL;45450;ALTAIR I;0.09375;TOMÉ;45451;0.027777778;;TOMÉ;S/M;3;4;ARRASTRE;7;6;Jun;2024;36;8;36.13333333;73;26;73.43333333;LCOL;SI;45450;0.488194444;36;7;36.11666667;73;25;73.41666667;-36.11666667;-73.41666667;-36.11666667;-73.41666667;45450;0.570833333;163;;;109;1.816666667;2.1;;;114;VIII;211.875;3390;;10.625;170;;0;0;45450.57083;1866.055046;93.57798165;0;LCOL/LAM;LCOL;LAM;LAN;ACHIRA
COMERCIAL;45450;ALTAIR I;0.09375;TOMÉ;45451;0.027777778;;TOMÉ;S/M;5;4;ARRASTRE;7;6;Jun;2024;36;4;36.06666667;73;24;73.4;LCOL;SI;45450;0.722222222;36;6;36.1;73;25;73.41666667;-36.1;-73.41666667;-36.1;-73.41666667;45450;0.773611111;167;ARENA-FANGO;10.8;74;1.233333333;2.1;;;114;VIII;333.125;5330;;28.75;460;;0;0;45450.77361;4321.621622;372.972973;0;LCOL/LAM;LCOL;LAM;LAN;ACHIRA
COMERCIAL;45450;MAORI;0.083333333;TOMÉ;45451;0.142361111;;TOMÉ;S/M;2;4;ARRASTRE;7;6;Jun;2024;36;4;36.06666667;73;25;73.41666667;LCOL;SI;45450;0.392361111;36;7;36.11666667;73;26;73.43333333;-36.11666667;-73.43333333;-36.11666667;-73.43333333;45450;0.458333333;164;;;95;1.583333333;2;W;3;114;VIII;236.25;3780;;24.375;390;;0;0;45450.45833;2387.368421;246.3157895;0;LCOL/LAM;LCOL;LAM;LAN;ACHIRA
COMERCIAL;45450;MAORI;0.083333333;TOMÉ;45451;0.142361111;;TOMÉ;S/M;4;4;ARRASTRE;7;6;Jun;2024;36;5;36.08333333;73;25;73.41666667;LCOL;SI;45450;0.604166667;36;8;36.13333333;73;27;73.45;-36.13333333;-73.45;-36.13333333;-73.45;45450;0.684027778;161;;;115;1.916666667;2;W;2;114;VIII;258.75;4140;;11.875;190;;0;0;45450.68403;2160;99.13043478;0;LCOL/LAM;LCOL;LAM;LAN;ACHIRA
COMERCIAL;45450;MAORI;0.083333333;TOMÉ;45451;0.142361111;;TOMÉ;S/M;6;4;ARRASTRE;7;6;Jun;2024;36;3;36.05;73;24;73.4;LCOL;SI;45450;0.840277778;36;7;36.11666667;73;26;73.43333333;-36.11666667;-73.43333333;-36.11666667;-73.43333333;45450;0.930555556;169;;;130;2.166666667;2;N;3;114;VIII;168.75;2700;;23.125;370;;0;0;45450.93056;1246.153846;170.7692308;0;LCOL/LAM;LCOL;LAM;LAN;ACHIRA
COMERCIAL;45458;ANTARES;0.435416667;TOMÉ;45459;0.826388889;;TOMÉ;3;3;4;ARRASTRE;15;6;Jun;2024;36;3;36.05;73;23;73.38333333;LCOL;SI;45458;0.919444444;36;7;36.11666667;73;26;73.43333333;-36.11666667;-73.43333333;-36.11666667;-73.43333333;45459;0.032638889;163;;;163;2.716666667;2;CALMA;;114;VIII;125;2000;;13;208;;0;0;45459.03264;736.196319;76.56441718;0;LCOL/LAM;LCOL;LAM;LAN;ACHIRA
COMERCIAL;45458;ANTARES;0.435416667;TOMÉ;45459;0.826388889;;TOMÉ;3;5;4;ARRASTRE;16;6;Jun;2024;36;3;36.05;73;23;73.38333333;LCOL;SI;45459;0.241666667;36;7;36.11666667;73;26;73.43333333;-36.11666667;-73.43333333;-36.11666667;-73.43333333;45459;0.343055556;160;FANGO-DURO;;146;2.433333333;2;CALMA;;114;VIII;113;1808;;30;480;;0;0;45459.34306;743.0136986;197.260274;0;LCOL/LAM;LCOL;LAM;LAN;ACHIRA
COMERCIAL;45458;ANTARES;0.435416667;TOMÉ;45459;0.826388889;;TOMÉ;3;7;4;ARRASTRE;16;6;Jun;2024;36;3;36.05;73;23;73.38333333;LCOL;SI;45459;0.5125;36;7;36.11666667;73;26;73.43333333;-36.11666667;-73.43333333;-36.11666667;-73.43333333;45459;0.616666667;159;;;150;2.5;2;CALMA;;114;VIII;140;2240;;2;32;;0;0;45459.61667;896;12.8;0;LCOL/LAM;LCOL;LAM;LAN;ACHIRA
COMERCIAL;45458;LONQUIMAY;0.461805556;TOMÉ;45459;0.833333333;;TOMÉ;4;6;4;ARRASTRE;16;6;Jun;2024;36;3;36.05;73;23;73.38333333;LCOL;SI;45459;0.303472222;36;7;36.11666667;73;26;73.43333333;-36.11666667;-73.43333333;-36.11666667;-73.43333333;45459;0.401388889;160;;;141;2.35;2;;;114;VIII;205;3280;;20;320;;0;0;45459.40139;1395.744681;136.1702128;0;LCOL/LAM;LCOL;LAM;LAN;ACHIRA
COMERCIAL;45458;ALTAIR I;0.855555556;TOMÉ;45459;0.958333333;;TOMÉ;5;2;4;ARRASTRE;16;6;Jun;2024;36;3;36.05;73;23;73.38333333;LCOL;SI;45459;0.186805556;36;8;36.13333333;73;26;73.43333333;-36.13333333;-73.43333333;-36.13333333;-73.43333333;45459;0.286805556;160;;;144;2.4;2;;;114;VIII;223.125;3570;;11.25;180;;0;0;45459.28681;1487.5;75;0;LCOL/LAM;LCOL;LAM;LAN;ACHIRA
COMERCIAL;45458;ALTAIR I;0.855555556;TOMÉ;45459;0.958333333;;TOMÉ;5;4;4;ARRASTRE;16;6;Jun;2024;36;8;36.13333333;73;23;73.38333333;LCOL;SI;45459;0.458333333;36;8;36.13333333;73;26;73.43333333;-36.13333333;-73.43333333;-36.13333333;-73.43333333;45459;0.561805556;164;;;149;2.483333333;2;;;114;VIII;236.25;3780;;15;240;;0;0;45459.56181;1522.147651;96.6442953;0;LCOL/LAM;LCOL;LAM;LAN;ACHIRA
COMERCIAL;45458;TIRANA II;0.859027778;TOMÉ;45460;0.145833333;;TOMÉ;S/M;2;4;ARRASTRE;16;6;Jun;2024;36;3;36.05;73;23;73.38333333;LCOL;SI;45459;0.2125;36;8;36.13333333;73;26;73.43333333;-36.13333333;-73.43333333;-36.13333333;-73.43333333;45459;0.320138889;158;;;156;2.6;2;CALMA;;114;VIII;112;1792;;12;192;;0;0;45459.32014;689.2307692;73.84615385;0;LCOL/LAM;LCOL;LAM;LAN;ACHIRA
COMERCIAL;45458;TIRANA II;0.859027778;TOMÉ;45460;0.145833333;;TOMÉ;S/M;4;4;ARRASTRE;16;6;Jun;2024;36;3;36.05;73;23;73.38333333;LCOL;SI;45459;0.50625;36;8;36.13333333;73;26;73.43333333;-36.13333333;-73.43333333;-36.13333333;-73.43333333;45459;0.609027778;160;;;148;2.466666667;2;N;8;114;VIII;200;3200;;7;112;;0;0;45459.60903;1297.297297;45.40540541;0;LCOL/LAM;LCOL;LAM;LAN;ACHIRA
COMERCIAL;45458;TIRANA II;0.859027778;TOMÉ;45460;0.145833333;;TOMÉ;S/M;6;4;ARRASTRE;16;6;Jun;2024;36;3;36.05;73;22;73.36666667;LCOL;SI;45459;0.810416667;36;8;36.13333333;73;27;73.45;-36.13333333;-73.45;-36.13333333;-73.45;45459;0.943055556;158;FANGO-DURO;11.1;191;3.183333333;2;N;8;114;VIII;116;1856;;5;80;;0;0;45459.94306;583.0366492;25.13089005;0;LCOL/LAM;LCOL;LAM;LAN;ACHIRA
COMERCIAL;45466;MAORI;0.354166667;TOMÉ;45467;0.958333333;;TOMÉ;9;3;4;ARRASTRE;23;6;Jun;2024;36;3;36.05;73;23;73.38333333;LCOL;SI;45466;0.840277778;36;8;36.13333333;73;26;73.43333333;-36.13333333;-73.43333333;-36.13333333;-73.43333333;45466;0.951388889;160;;;160;2.666666667;2;CALMA;;114;VIII;138.125;2210;;11.25;180;;0;0;45466.95139;828.75;67.5;0;LCOL/LAM;LCOL;LAM;LAN;ACHIRA
COMERCIAL;45466;MAORI;0.354166667;TOMÉ;45467;0.958333333;;TOMÉ;9;5;4;ARRASTRE;24;6;Jun;2024;36;3;36.05;73;22;73.36666667;LCOL;SI;45467;0.135416667;36;8;36.13333333;73;26;73.43333333;-36.13333333;-73.43333333;-36.13333333;-73.43333333;45467;0.246527778;160;;;160;2.666666667;2;CALMA;;114;VIII;150.625;2410;;11.25;180;;0;0;45467.24653;903.75;67.5;0;LCOL/LAM;LCOL;LAM;LAN;ACHIRA
COMERCIAL;45466;MAORI;0.354166667;TOMÉ;45467;0.958333333;;TOMÉ;9;7;4;ARRASTRE;24;6;Jun;2024;36;3;36.05;73;22;73.36666667;LCOL;SI;45467;0.425694444;36;7;36.11666667;73;25;73.41666667;-36.11666667;-73.41666667;-36.11666667;-73.41666667;45467;0.527777778;155;;;147;2.45;2;CALMA;;114;VIII;152.5;2440;;11.25;180;;0;0;45467.52778;995.9183673;73.46938776;0;LCOL/LAM;LCOL;LAM;LAN;ACHIRA
COMERCIAL;45461;ANTARES;0.673611111;TOMÉ;45462;0.475694444;;TOMÉ;S/M;2;4;ARRASTRE;18;6;Jun;2024;36;27;36.45;73;31;73.51666667;LCOL;SI;45461;0.925694444;36;24;36.4;73;31;73.51666667;-36.4;-73.51666667;-36.4;-73.51666667;45461;0.96875;179;;10.5;62;1.033333333;2;SSW;6;114;VIII;0;0;;17;272;;0;0;45461.96875;0;263.2258065;0;LAM;LAN;LAM;LAN;ITATA
COMERCIAL;45461;ANTARES;0.673611111;TOMÉ;45462;0.475694444;;TOMÉ;S/M;5;4;ARRASTRE;19;6;Jun;2024;36;21;36.35;73;31;73.51666667;LCOL;SI;45462;0.181944444;36;24;36.4;73;31;73.51666667;-36.4;-73.51666667;-36.4;-73.51666667;45462;0.3;162;;10.7;170;2.833333333;2;CALMA;;114;VIII;90;1440;;5;80;;0;0;45462.3;508.2352941;28.23529412;0;LCOL/LAM;LCOL;LAM;LAN;ITATA
COMERCIAL;45461;ANTARES;0.673611111;TOMÉ;45462;0.475694444;;TOMÉ;S/M;1;4;ARRASTRE;18;6;Jun;2024;36;33;36.55;73;34;73.56666667;LCOL;SI;45461;0.833333333;36;31;36.51666667;73;34;73.56666667;-36.51666667;-73.56666667;-36.51666667;-73.56666667;45461;0.875;190;;10.7;60;1;2;SSW;6;114;VIII;0;0;;2;32;;0;0;45461.875;0;32;0;LAM;LAN;LAM;LAN;W. S. VICENTE